Asset,Strategy,Feature Set,Window,Threshold,Train Sharpe,Train Volatility,Train Max DD,Train Signal Accuracy,Train Signal Precision,Train Signal Recall,Test Sharpe,Test Volatility,Test Max DD,Test Signal Accuracy,Test Signal Precision,Test Signal Recall
AAPL,Momentum,,14.0,,1.416952112460717,0.19951891607476904,-0.3131565092371739,0.5258669698692439,0.5439068100358423,0.6512875536480687,1.2126678703323306,0.17452594171808655,-0.1692091109047589,0.5324503311258278,0.5653104925053534,0.6376811594202898
AAPL,Mean Reversion,,4.0,2.0,1.0283006588814925,0.13639848155568873,-0.1182186308544914,0.48493462194428655,0.5855263157894737,0.09549356223175966,-0.20900597522253947,0.11827368982439691,-0.23541852170699498,0.4503311258278146,0.4897959183673469,0.057971014492753624
AAPL,Momentum + Trend Strength,,10.0,,1.197056985480501,0.15106099825150304,-0.14457830172490552,0.5093803297328028,0.5455746367239102,0.44313304721030045,1.0269260466850874,0.12093683711278715,-0.12367034338324677,0.4900662251655629,0.546031746031746,0.41545893719806765
AAPL,Momentum + Rolling Volatility,,14.0,2.0,1.686843779544191,0.15712059573501738,-0.11890264544193456,0.5224559408754974,0.5521541950113379,0.5225321888412017,1.0016415002057812,0.16304889007203874,-0.170031852506305,0.5099337748344371,0.5516431924882629,0.5676328502415459
AAPL,Momentum + Volume Ratio,,20.0,,1.2301801386439146,0.1354029681662888,-0.14140026685463394,0.49573621375781696,0.5552825552825553,0.24248927038626608,0.7827933501075038,0.11837094381848642,-0.1450553682496636,0.47019867549668876,0.5416666666666666,0.21980676328502416
AAPL,Logistic Regression,v1,,,0.9189254240907438,0.29888138941575954,-0.3872969450862449,0.5258669698692439,0.5286549707602339,0.9699570815450643,1.1380877286781583,0.25662212952318614,-0.3343370956600402,0.5496688741721855,0.5490716180371353,1.0
AAPL,Random Forest,v1,,,9.2423707753054,0.18949306286588324,0.0,0.9840818646958499,1.0,0.9699570815450643,1.5443026442761403,0.20813673865458712,-0.14267113164860065,0.5443708609271524,0.5738396624472574,0.6570048309178744
MSFT,Momentum,,36.0,,0.6744189892364754,0.18949984253626376,-0.23535109346454675,0.5230244457077885,0.5402843601895735,0.7268862911795961,0.9497691507613466,0.17527570060071512,-0.17470794065001669,0.48874172185430464,0.5235042735042735,0.6004901960784313
MSFT,Mean Reversion,,4.0,2.0,1.1748567769306741,0.1278957834807827,-0.11143713729210032,0.4764070494599204,0.5793650793650794,0.077577045696068,0.38950787078372695,0.06541421233859764,-0.059274266501249305,0.4609271523178808,0.5128205128205128,0.049019607843137254
MSFT,Momentum + Trend Strength,,36.0,,0.7120304146249717,0.17778224117125088,-0.2895724032867566,0.5224559408754974,0.543572044866264,0.6695005313496281,0.9262098410937155,0.15361870100644323,-0.14518514714906336,0.4821192052980132,0.5206812652068127,0.5245098039215687
MSFT,Momentum + Rolling Volatility,,38.0,2.0,1.0278239931654078,0.1643055640735743,-0.15447935693680406,0.5241614553723707,0.5471014492753623,0.6418703506907545,0.5879001943956657,0.16535170453574216,-0.18675520418214633,0.4741721854304636,0.5128205128205128,0.5392156862745098
MSFT,Momentum + Volume Ratio,,40.0,,0.46096517911331,0.1404513062483217,-0.22687978315897106,0.5054007959067652,0.5738045738045738,0.29330499468650373,0.0690891964242303,0.13205252718865043,-0.2375582450186022,0.45298013245033114,0.48502994011976047,0.19852941176470587
MSFT,Logistic Regression,v1,,,0.9270214277312474,0.2755085005506818,-0.3755646610503865,0.5372370665150654,0.5373309817754263,0.971307120085016,1.1578353828134207,0.23167608050179578,-0.2416802134272389,0.5403973509933775,0.540720961281709,0.9926470588235294
MSFT,Random Forest,v1,,,9.083515534092129,0.17553671315490674,0.0,0.9869243888573053,1.0,0.975557917109458,0.38720635150863836,0.17591743439930638,-0.22077641365645698,0.4913907284768212,0.5288461538461539,0.5392156862745098
SPY,Momentum,,12.0,,0.9491105475667223,0.10784709662484289,-0.13784135581439907,0.526435474701535,0.5531732418524872,0.6739811912225705,1.5574447011585584,0.09245520419142231,-0.06849389410542013,0.5390728476821192,0.5796545105566219,0.7006960556844548
SPY,Mean Reversion,,4.0,4.0,0.7076627057438475,0.05653242290176359,-0.02556820815335515,0.45764638999431495,0.6363636363636364,0.0073145245559038665,-0.6398310812731278,0.0091058557188615,-0.01741606201359369,0.42649006622516555,0.0,0.0
SPY,Momentum + Trend Strength,,10.0,,0.7162422740179065,0.0790885941321445,-0.1233261212732864,0.5019897669130188,0.5467128027681661,0.4952978056426332,0.7457144256225342,0.07601559659192583,-0.07537088040879965,0.4821192052980132,0.5518134715025906,0.494199535962877
SPY,Momentum + Rolling Volatility,,12.0,6.0,0.9755845270135169,0.10762086475478264,-0.13784135581439785,0.5275724843661171,0.5541237113402062,0.6739811912225705,1.5574447011585584,0.09245520419142231,-0.06849389410542013,0.5390728476821192,0.5796545105566219,0.7006960556844548
SPY,Momentum + Volume Ratio,,18.0,,0.4601102103375869,0.06601642842575445,-0.09269092181339468,0.480955088118249,0.5555555555555556,0.22988505747126436,1.3746278845558675,0.06193783786559109,-0.044265551067826994,0.4860927152317881,0.6069651741293532,0.28306264501160094
SPY,Logistic Regression,v1,,,0.5492297753248827,0.1864275141389227,-0.3633934000320319,0.541785105173394,0.5446481371969248,0.9623824451410659,1.4917390501122034,0.15121050833049107,-0.1756317934884081,0.5735099337748344,0.5727636849132176,0.9953596287703016
SPY,Random Forest,v1,,,8.678253983614812,0.11362547657655933,0.0,0.984650369528141,1.0,0.9717868338557993,1.2631435580386847,0.11215013671287086,-0.1557934079056254,0.519205298013245,0.5699588477366255,0.642691415313225
NVDA,Momentum,,12.0,,1.1775649354894349,0.33855929340659036,-0.397698084972594,0.5139283683911313,0.5443037974683544,0.6316894018887723,1.4720697458478815,0.3719442079768779,-0.4057099988513033,0.5099337748344371,0.5493827160493827,0.638755980861244
NVDA,Mean Reversion,,6.0,8.0,0.9625886725583312,0.12079667146040803,-0.11999029564076377,0.4661739624786811,0.6944444444444444,0.026232948583420776,1.277397404500751,0.10502286257887174,-0.016574082551179065,0.45695364238410596,0.9,0.0215311004784689
NVDA,Momentum + Trend Strength,,30.0,,0.9915722815512626,0.3361210438681811,-0.4506712659188766,0.5088118249005117,0.5417840375586854,0.6054564533053515,1.5362469475292035,0.35145575796138345,-0.2235866265269199,0.4794701986754967,0.5279642058165548,0.5645933014354066
NVDA,Momentum + Rolling Volatility,,20.0,4.0,1.3042928388445987,0.328520450176924,-0.30427873846676823,0.5139283683911313,0.5481335952848723,0.5855194123819517,1.17006027449342,0.3654158042213968,-0.4019325879297014,0.4913907284768212,0.5395348837209303,0.5550239234449761
NVDA,Momentum + Volume Ratio,,48.0,,1.0121968850154877,0.28463344964900705,-0.3326887652334607,0.49118817509948837,0.5604166666666667,0.28226652675760755,1.7780871272916206,0.2968130714937606,-0.14159972799662546,0.49801324503311256,0.5951219512195122,0.291866028708134
NVDA,Logistic Regression,v1,,,1.0795485029616338,0.49250696596631033,-0.6636205530533923,0.5400795906765208,0.5421052631578948,0.9727177334732424,1.9722245908810607,0.5015379749785939,-0.3688683518628126,0.5536423841059602,0.5536423841059602,1.0
NVDA,Random Forest,v1,,,9.325381528461943,0.3183866916473078,0.0,0.9852188743604321,1.0,0.9727177334732424,1.3464355215410524,0.3736904996881112,-0.4395062411871226,0.5178807947019868,0.5639810426540285,0.569377990430622
TTD,Momentum,,2.0,,0.9426585056845151,0.5313169915481444,-0.5194491355477443,0.5088793631353338,0.5350678733031674,0.5474537037037037,0.4480129236106079,0.4239908586788044,-0.5806432581840302,0.49857142857142855,0.5331412103746398,0.4946524064171123
TTD,Mean Reversion,,24.0,8.0,0.9583891541660194,0.34647523848524664,-0.42915316784328206,0.4898958971218616,0.5648535564853556,0.15625,-0.07560085836381895,0.22536626477142238,-0.345825178827908,0.48142857142857143,0.5454545454545454,0.17647058823529413
TTD,Momentum + Trend Strength,,22.0,,0.529245950599061,0.44639425450514586,-0.5433558765031842,0.48438456827924065,0.5152354570637119,0.4305555555555556,-0.5006548946208262,0.3379381056003932,-0.6173643163240309,0.47714285714285715,0.512987012987013,0.42245989304812837
TTD,Momentum + Rolling Volatility,,22.0,4.0,1.0023223285683298,0.4711410219580152,-0.38459869215277964,0.5003061849357011,0.5416666666666666,0.3611111111111111,-0.2511605161036247,0.4198488691274157,-0.5860599632745334,0.48857142857142855,0.5253164556962026,0.44385026737967914
TTD,Momentum + Volume Ratio,,32.0,,0.6844305630320291,0.4200584771257782,-0.3457327895106286,0.46662584200857316,0.4889589905362776,0.17939814814814814,-0.1449555975716123,0.33938242502953714,-0.43019160939683415,0.4642857142857143,0.49635036496350365,0.18181818181818182
TTD,Logistic Regression,v1,,,0.9482048419019006,0.6688678692197968,-0.6871222522230815,0.5296999387630129,0.5311688311688312,0.9467592592592593,0.20486624447228652,0.5447580302758779,-0.753253615195035,0.54,0.5381231671554252,0.9812834224598931
TTD,Random Forest,v1,,,7.6799206621054275,0.5225425088702543,0.0,0.9834660134721371,1.0,0.96875,-0.32359666282854305,0.47071512542959715,-0.7722152545905547,0.48,0.5147058823529411,0.4679144385026738
DOCS,Momentum,,20.0,,0.27766581192432177,0.4904245742832512,-0.43926375186599936,0.5232704402515723,0.5117647058823529,0.4496124031007752,0.46665776215994587,0.5362904392481641,-0.3657654483367203,0.501466275659824,0.5402298850574713,0.5108695652173914
DOCS,Mean Reversion,,14.0,6.0,1.015504612952908,0.4130073806839375,-0.36145390892211227,0.5358490566037736,0.56,0.21705426356589147,0.061354304564012765,0.19125181151887952,-0.14496228796951713,0.44574780058651026,0.45098039215686275,0.125
DOCS,Momentum + Trend Strength,,14.0,,-0.1140161125053857,0.24055845181180566,-0.30769325727163654,0.5182389937106918,0.5114942528735632,0.22997416020671835,0.6374116101040603,0.4151568875526972,-0.216326530612245,0.5131964809384164,0.5616438356164384,0.44565217391304346
DOCS,Momentum + Rolling Volatility,,6.0,4.0,0.4693008692996431,0.2817920024675512,-0.1997358959248723,0.5094339622641509,0.4913294797687861,0.21963824289405684,1.0244068800359243,0.49920966314875637,-0.2267209716634881,0.5131964809384164,0.5633802816901409,0.43478260869565216
DOCS,Momentum + Volume Ratio,,6.0,,0.1842896282448272,0.3556998552347733,-0.3958168291170897,0.5081761006289308,0.48412698412698413,0.15762273901808785,0.8258702034793631,0.48258882335202385,-0.28092496969696246,0.4750733137829912,0.5362318840579711,0.20108695652173914
DOCS,Logistic Regression,v1,,,-0.07814267552209334,0.17494080827286898,-0.2422270222731243,0.5169811320754717,0.5272727272727272,0.07493540051679587,-0.41265898123161554,0.09588413764229162,-0.10262550439754496,0.4604105571847507,0.5,0.03804347826086957
DOCS,Random Forest,v1,,,7.244729215537474,0.45257407728057863,0.0,0.9635220125786164,1.0,0.9250645994832042,-0.13955042417018665,0.4464350626501106,-0.4550937992383532,0.4633431085043988,0.5031847133757962,0.42934782608695654
IBM,Momentum,,12.0,,0.4267453750828798,0.17146003502876517,-0.2671531021925423,0.5099488345650938,0.5287958115183246,0.5507088331515813,1.7787677126751242,0.1785653487987672,-0.12380588578698913,0.5470198675496689,0.5952380952380952,0.5924170616113744
IBM,Mean Reversion,,6.0,8.0,0.7164024119167156,0.04301055687317735,-0.003506613961844573,0.48038658328595796,0.8,0.004362050163576881,,0.0,0.0,0.4410596026490066,0.0,0.0
IBM,Momentum + Trend Strength,,2.0,,-0.06794440572293564,0.12134838320345401,-0.3161291968549019,0.4860716316088687,0.5136268343815513,0.26717557251908397,0.7098723491306048,0.1300368847956348,-0.20233383604612734,0.4847682119205298,0.5587188612099644,0.37203791469194314
IBM,Momentum + Rolling Volatility,,12.0,8.0,0.4267453750828798,0.17146003502876517,-0.2671531021925423,0.5099488345650938,0.5287958115183246,0.5507088331515813,1.7787677126751242,0.1785653487987672,-0.12380588578698913,0.5470198675496689,0.5952380952380952,0.5924170616113744
IBM,Momentum + Volume Ratio,,12.0,,-0.18373925228037294,0.12363057309133184,-0.3113062191870125,0.48493462194428655,0.5180327868852459,0.1723009814612868,1.146014348090543,0.13632359408950528,-0.10923129164593944,0.4821192052980132,0.6026490066225165,0.2156398104265403
IBM,Logistic Regression,v1,,,0.20444489145068767,0.240945743021051,-0.3989001081679931,0.5179079022171689,0.5207456404088996,0.9443838604143948,1.0534367833405853,0.22182477188393726,-0.1857354469052619,0.5576158940397351,0.5604395604395604,0.966824644549763
IBM,Random Forest,v1,,,8.60073677320552,0.15000477928005726,0.0,0.9852188743604321,1.0,0.9716466739367503,0.27575695880490914,0.1652512323561353,-0.192315282645,0.48874172185430464,0.5424528301886793,0.5450236966824644
BE,Momentum,,8.0,,0.9829797941320416,0.6209012463816341,-0.4798135792897951,0.5156608097784569,0.4888888888888889,0.4967741935483871,1.209882428412978,0.7647548093538974,-0.504232334743819,0.5062388591800356,0.5162337662337663,0.554006968641115
BE,Mean Reversion,,2.0,14.000000000000002,0.5448079666771414,0.18908519387584902,0.0,0.5286478227654698,1.0,0.004838709677419355,-0.6708203932499369,0.06038568614903258,-0.09009814678366324,0.48663101604278075,0.0,0.0
BE,Momentum + Trend Strength,,24.0,,0.46101576701728664,0.5448874788820173,-0.51471531465629,0.5049656226126814,0.4680365296803653,0.33064516129032256,1.4429807709000315,0.7144013505780483,-0.36269978278606896,0.5276292335115864,0.5478260869565217,0.43902439024390244
BE,Momentum + Rolling Volatility,,8.0,16.0,1.0773077943670897,0.5995852868314497,-0.39335594535023016,0.5187165775401069,0.4918300653594771,0.4854838709677419,1.209882428412978,0.7647548093538974,-0.504232334743819,0.5062388591800356,0.5162337662337663,0.554006968641115
BE,Momentum + Volume Ratio,,8.0,,0.70936909837208,0.37546139724595,-0.5819913158255817,0.5255920550038197,0.4978165938864629,0.18387096774193548,0.3202615528282707,0.4220883832509896,-0.517461729009884,0.48484848484848486,0.49107142857142855,0.1916376306620209
BE,Logistic Regression,v1,,,-0.025357665092805935,0.2736777911473558,-0.3647607934925167,0.5317035905271199,0.5376344086021505,0.08064516129032258,-0.19280340386133624,0.20013131980406426,-0.23159534052897554,0.483065953654189,0.4482758620689655,0.04529616724738676
BE,Random Forest,v1,,,7.8763082191537155,0.6357070290048336,0.0,0.9778456837280367,1.0,0.9532258064516129,0.8344687432648534,0.6430661978094931,-0.3525468790344533,0.49019607843137253,0.5021459227467812,0.4076655052264808
XOM,Momentum,,22.0,,0.6347077910335215,0.21008850942135335,-0.28943036236927694,0.5304150085275725,0.5356004250797024,0.5643896976483762,-0.3694084825177804,0.15908527651684204,-0.27578626541704276,0.49271523178807947,0.5038560411311054,0.5077720207253886
XOM,Mean Reversion,,4.0,6.0,0.8530909910041135,0.04441149860956108,-0.01718518220777754,0.49516770892552586,0.7777777777777778,0.007838745800671893,-0.7986076057940149,0.014427808670692264,-0.034215064406014295,0.4860927152317881,0.0,0.0
XOM,Momentum + Trend Strength,,18.0,,0.4417410477375205,0.17343542723390898,-0.22192445713539902,0.5122228538942581,0.5268817204301075,0.3840985442329227,-0.29327128159056637,0.13520441105408765,-0.29934838735440233,0.4781456953642384,0.4852941176470588,0.34196891191709844
XOM,Momentum + Rolling Volatility,,22.0,4.0,0.6964863724857843,0.19478985206253094,-0.31920942814868386,0.5315520181921546,0.538037486218302,0.5464725643896976,-0.3694084825177804,0.15908527651684204,-0.27578626541704276,0.49271523178807947,0.5038560411311054,0.5077720207253886
XOM,Momentum + Volume Ratio,,16.0,,0.37376913472181766,0.13799466325278298,-0.27214283366691816,0.5144968732234224,0.5522788203753352,0.23068309070548712,-1.188558103317112,0.10420457003335272,-0.34907708399290127,0.46225165562913906,0.43333333333333335,0.16839378238341968
XOM,Logistic Regression,v1,,,0.4256546946318732,0.22475825304379973,-0.3798494484281742,0.5150653780557135,0.5159744408945687,0.723404255319149,0.48583406808549423,0.19222168833454265,-0.20235404837848536,0.519205298013245,0.5197255574614065,0.7849740932642487
XOM,Random Forest,v1,,,8.66790989724126,0.18656179798089342,0.0,0.984650369528141,1.0,0.9697648376259799,1.0233293269162147,0.16584854497901155,-0.13110626188040422,0.5403973509933775,0.5486284289276808,0.5699481865284974
GLD,Momentum,,4.0,,0.6441014920078937,0.09974762968205646,-0.20636559286897344,0.5082433200682206,0.5364308342133052,0.5438972162740899,1.4721771007771154,0.1328894256815589,-0.11064646115660566,0.5072847682119205,0.5568181818181818,0.580568720379147
GLD,Mean Reversion,,42.0,6.0,0.5765341857804726,0.022770429630217328,-0.019486923914670662,0.47356452529846504,0.6666666666666666,0.017130620985010708,,0.0,0.0,0.4410596026490066,0.0,0.0
GLD,Momentum + Trend Strength,,16.0,,0.3936558774233346,0.08473550366317115,-0.12709908556091318,0.5059693007390563,0.5544388609715243,0.354389721627409,0.5974556288815346,0.1272069751624831,-0.12636837088725442,0.48741721854304637,0.544529262086514,0.5071090047393365
GLD,Momentum + Rolling Volatility,,48.0,4.0,0.6318236389300491,0.10702702671982266,-0.16632564833187116,0.51847640704946,0.5453597497393118,0.5599571734475375,1.5876719666372852,0.14991778658940988,-0.10127740838500286,0.5377483443708609,0.56672760511883,0.7345971563981043
GLD,Momentum + Volume Ratio,,48.0,,0.49446239738657416,0.07101680167620082,-0.1374848666278378,0.4872086412734508,0.5394088669950738,0.23447537473233404,1.110553474101234,0.10833554610720988,-0.07704076992414269,0.4821192052980132,0.5665236051502146,0.3127962085308057
GLD,Logistic Regression,v1,,,0.523356175568981,0.13284966730191156,-0.18973310064794557,0.5247299602046618,0.5300245098039216,0.9261241970021413,2.088725439363698,0.15022093038413967,-0.11347406182165165,0.5536423841059602,0.5591098748261474,0.95260663507109
GLD,Random Forest,v1,,,9.777010101128669,0.08261896372389631,0.0,0.9829448550312677,1.0,0.9678800856531049,2.1118946569864283,0.10617008726301891,-0.10017280921174325,0.5258278145695364,0.5851063829787234,0.5213270142180095
JNJ,Momentum,,16.0,,0.32275031598450094,0.1196113990938928,-0.18109866832569607,0.48834565093803295,0.5029644268774703,0.5618101545253863,1.396559147569592,0.11816439092635955,-0.06809347970293238,0.5417218543046357,0.5652173913043478,0.5279187817258884
JNJ,Mean Reversion,,42.0,12.0,0.6722157326544673,0.0677821364939368,-0.07298356864246919,0.48834565093803295,0.875,0.00772626931567329,,0.0,0.0,0.4781456953642384,0.0,0.0
JNJ,Momentum + Trend Strength,,26.0,,0.21032128445025539,0.10260152174764621,-0.264621755236561,0.48834565093803295,0.5037128712871287,0.4492273730684327,0.554162056527124,0.11146741904019192,-0.12596994585136645,0.5205298013245033,0.5509554140127388,0.43908629441624364
JNJ,Momentum + Rolling Volatility,,18.0,6.0,0.30931795994177286,0.12079760692209575,-0.1755832166090859,0.49516770892552586,0.5088408644400786,0.5717439293598234,0.6712886598937514,0.12953149185983767,-0.16816984260442405,0.528476821192053,0.550531914893617,0.5253807106598984
JNJ,Momentum + Volume Ratio,,26.0,,-0.05552576789643884,0.0763142954161459,-0.19316935280798134,0.48891415577032404,0.5092838196286472,0.2119205298013245,-0.034143643955453606,0.09359425722224307,-0.22349951122911438,0.4966887417218543,0.5426829268292683,0.22588832487309646
JNJ,Logistic Regression,v1,,,0.533447117309163,0.18390095561754596,-0.2782648521005334,0.519613416714042,0.5184067592033796,0.9481236203090507,0.36402197765155225,0.16424670982596837,-0.2218791504882434,0.5218543046357615,0.5241581259150805,0.9086294416243654
JNJ,Random Forest,v1,,,8.780130797600126,0.11459409357657273,0.0,0.9857873791927232,1.0,0.9724061810154525,0.728083350617933,0.12227954494036672,-0.13098311488850312,0.528476821192053,0.5465686274509803,0.565989847715736
SCCO,Momentum,,36.0,,0.8596802638665978,0.23937290614296816,-0.44067914463308994,0.504263786242183,0.5166666666666667,0.5486725663716814,0.41687979651864354,0.2756173521856604,-0.27667645665321533,0.46357615894039733,0.4948717948717949,0.48129675810473815
SCCO,Mean Reversion,,4.0,6.0,0.8390361908677916,0.0789574851889962,-0.005603977666968851,0.48834565093803295,0.75,0.00663716814159292,-0.4106117312830368,0.028439871074066883,-0.047481107806093666,0.4688741721854305,0.5,0.004987531172069825
SCCO,Momentum + Trend Strength,,34.0,,0.9866612763476833,0.22463436136870713,-0.3225982410801128,0.5059693007390563,0.5209080047789725,0.4823008849557522,0.5142999093971373,0.24552816204159605,-0.28252353771432437,0.47549668874172185,0.5075987841945289,0.4164588528678304
SCCO,Momentum + Rolling Volatility,,36.0,6.0,0.8596802638665978,0.23937290614296816,-0.44067914463308994,0.504263786242183,0.5166666666666667,0.5486725663716814,0.41687979651864354,0.2756173521856604,-0.27667645665321533,0.46357615894039733,0.4948717948717949,0.48129675810473815
SCCO,Momentum + Volume Ratio,,2.0,,0.6587571103093055,0.1549207369677173,-0.16719844040173173,0.4985787379192723,0.529891304347826,0.2157079646017699,-0.1481384061506255,0.17126624582991642,-0.272235582586805,0.46225165562913906,0.48427672955974843,0.19201995012468828
SCCO,Logistic Regression,v1,,,0.6351379104757782,0.34484137393542885,-0.5665079617571375,0.5213189312109153,0.5183867141162515,0.9668141592920354,0.9110618374564522,0.3679238949410984,-0.3876838313621236,0.5245033112582781,0.5287671232876713,0.9625935162094763
SCCO,Random Forest,v1,,,9.760854108373668,0.21368474455504483,0.0,0.9863558840250142,1.0,0.9734513274336283,0.30429921633637674,0.26712761887510184,-0.3936703559228142,0.4900662251655629,0.521978021978022,0.47381546134663344
ECL,Momentum,,2.0,,0.13612649164074342,0.17292053674863817,-0.42140392369120133,0.49459920409323477,0.5197018104366348,0.5269978401727862,0.5922436033486129,0.15061920011376204,-0.1628689950427613,0.5019867549668874,0.5409836065573771,0.5620437956204379
ECL,Mean Reversion,,20.0,8.0,0.5322708913879587,0.12967751289206517,-0.26123893085130906,0.47754405912450254,0.5945945945945946,0.023758099352051837,0.3314656070072021,0.03266533070339656,-0.020318707495183608,0.4556291390728477,0.5,0.0024330900243309003
ECL,Momentum + Trend Strength,,18.0,,0.06778123110232014,0.11775627605000555,-0.38019641975275736,0.4974417282546902,0.5299145299145299,0.4017278617710583,0.21505053194599053,0.13291189224397057,-0.1907241938969095,0.4847682119205298,0.529891304347826,0.4744525547445255
ECL,Momentum + Rolling Volatility,,8.0,2.0,0.3070138415046607,0.13511341016727763,-0.28564359739194534,0.5173393973848778,0.5454545454545454,0.49892008639308855,0.7247893835532372,0.1322197868721863,-0.10145693909785101,0.5099337748344371,0.5529715762273901,0.5206812652068127
ECL,Momentum + Volume Ratio,,18.0,,0.2586115279856557,0.10851753684901413,-0.2998140327995601,0.496304718590108,0.5540540540540541,0.22138228941684665,0.22183199169893555,0.10201181359450599,-0.1956944357661901,0.4821192052980132,0.5581395348837209,0.23357664233576642
ECL,Logistic Regression,v1,,,0.3134100662468272,0.2634363939055433,-0.4426528318239537,0.5258669698692439,0.5269005847953216,0.9730021598272138,1.0978891084807014,0.20162249190805995,-0.17505896040678234,0.5443708609271524,0.5443708609271524,1.0
ECL,Random Forest,v1,,,7.891561761811349,0.16846997186747767,0.0,0.9857873791927232,1.0,0.9730021598272138,1.3896513777723574,0.15844444159002427,-0.08409213059312143,0.528476821192053,0.5620767494356659,0.6058394160583942
JPM,Momentum,,46.0,,0.7215131673255292,0.1751816437549433,-0.26102524766359747,0.5048322910744741,0.5051162790697674,0.6156462585034014,0.9200569077333934,0.16648258821002626,-0.17177107395401492,0.5364238410596026,0.5722222222222222,0.7219626168224299
JPM,Mean Reversion,,20.0,22.0,0.7238412576743034,0.09001725891100658,0.0,0.5014212620807277,1.0,0.005668934240362812,,0.0,0.0,0.433112582781457,0.0,0.0
JPM,Momentum + Trend Strength,,6.0,,0.751858508545146,0.13878712724757308,-0.2679890475437135,0.4980102330869812,0.49917081260364843,0.3412698412698413,1.1312007126827,0.12241135205730812,-0.1354491750587859,0.5271523178807948,0.5967302452316077,0.5116822429906542
JPM,Momentum + Rolling Volatility,,6.0,4.0,0.968865646049114,0.1705016715696256,-0.19836417107525697,0.5127913587265491,0.5133404482390609,0.5453514739229025,1.9164296733993114,0.1450408744575503,-0.08799546835207629,0.5483443708609271,0.5935483870967742,0.6448598130841121
JPM,Momentum + Volume Ratio,,10.0,,0.6648336324580996,0.11291446691519712,-0.1475123525100366,0.5048322910744741,0.5168195718654435,0.19160997732426305,0.6291176814648887,0.09445702834496554,-0.12637586141209972,0.4688741721854305,0.5818181818181818,0.22429906542056074
JPM,Logistic Regression,v1,,,0.7117261393871754,0.24650934694126592,-0.33065374407468895,0.4980102330869812,0.49962490622655664,0.7551020408163265,1.1552560121630537,0.19392179681136198,-0.2334174857971652,0.5271523178807948,0.5611015490533563,0.7616822429906542
JPM,Random Forest,v1,,,8.222352101711923,0.18806805506062915,0.0,0.9863558840250142,1.0,0.9727891156462585,0.9166681747529213,0.15854478374283731,-0.2347723286229734,0.4913907284768212,0.5650887573964497,0.4462616822429907
META,Momentum,,48.0,,0.49010518573173156,0.22483487961716947,-0.26866034175561765,0.511085844229676,0.526615969581749,0.6048034934497817,1.0115712116454405,0.3000825987192716,-0.26721626962795886,0.49801324503311256,0.5200729927007299,0.7107231920199502
META,Mean Reversion,,14.0,2.0,0.832727207100084,0.2326200810004766,-0.27256878428229186,0.5127913587265491,0.5746835443037974,0.24781659388646288,0.33316390165551485,0.2002963668878978,-0.21780246004289244,0.4781456953642384,0.5234899328859061,0.19451371571072318
META,Momentum + Trend Strength,,2.0,,0.5112454823669101,0.17138839145755017,-0.2085768320744321,0.49118817509948837,0.5186500888099467,0.31877729257641924,0.9237671101637467,0.24067884115084007,-0.3265283428578636,0.49271523178807947,0.5274390243902439,0.4314214463840399
META,Momentum + Rolling Volatility,,48.0,4.0,0.5617604348832986,0.2194964526913221,-0.24507581448871993,0.5093803297328028,0.5254074784276127,0.5982532751091703,0.9671294695521621,0.2961947317330297,-0.26721626962795847,0.5006622516556292,0.5227272727272727,0.6882793017456359
META,Momentum + Volume Ratio,,36.0,,0.04475387771275496,0.15255188209167272,-0.3035780957368168,0.4815235929505401,0.5059880239520959,0.18449781659388648,0.7346400675520938,0.2021332545931262,-0.19572759821115038,0.4688741721854305,0.5,0.22942643391521197
META,Logistic Regression,v1,,,0.5694838029594774,0.31430768817774235,-0.49332776911118714,0.5321205230244457,0.5311871227364185,0.8646288209606987,1.8840319938932106,0.2759831485066053,-0.28281967549213555,0.543046357615894,0.5462046204620462,0.8254364089775561
META,Random Forest,v1,,,8.853102686276554,0.21879001413507748,0.0,0.9852188743604321,1.0,0.9716157205240175,1.566618867614678,0.2862326164906301,-0.21485608099377143,0.5006622516556292,0.532258064516129,0.4937655860349127
AAPL,Logistic Regression,v2,,,1.2687874039630398,0.27269999627672886,-0.3872969450862449,0.5366685616827743,0.539340954942838,0.8605150214592274,0.8128961806159426,0.06618376980194192,-0.07408128417304244,0.46357615894039733,0.5529411764705883,0.11352657004830918
AAPL,Random Forest,v2,,,9.2423707753054,0.18949306286588324,0.0,0.9840818646958499,1.0,0.9699570815450643,0.631564318887521,0.14901843995731204,-0.23421077071805027,0.495364238410596,0.6363636363636364,0.1859903381642512
MSFT,Logistic Regression,v2,,,1.09489926779179,0.2643995436354855,-0.2769115813134256,0.5486071631608869,0.5494283792871554,0.8682252922422954,1.2180916507930193,0.12395470508682634,-0.07759013059398967,0.4913907284768212,0.6,0.17647058823529413
MSFT,Random Forest,v2,,,9.083515534092129,0.17553671315490674,0.0,0.9869243888573053,1.0,0.975557917109458,0.7857437311147109,0.12519504457308056,-0.11286197570516471,0.49801324503311256,0.5947712418300654,0.22303921568627452
SPY,Logistic Regression,v2,,,0.6365221137391887,0.1837618992116655,-0.34350003992702927,0.5429221148379761,0.546448087431694,0.9404388714733543,1.1324969081003051,0.08371305625716895,-0.1128605082107573,0.4728476821192053,0.5595667870036101,0.35962877030162416
SPY,Random Forest,v2,,,8.678253983614812,0.11362547657655933,0.0,0.984650369528141,1.0,0.9717868338557993,1.8269467033239446,0.07873455609021227,-0.08495139071679536,0.4966887417218543,0.6133333333333333,0.32018561484918795
NVDA,Logistic Regression,v2,,,1.2654347229880665,0.45646686419397553,-0.5608238933772635,0.5480386583285958,0.5527369826435247,0.8688352570828961,1.159612842110637,0.08997885548217202,-0.05293188862428462,0.45695364238410596,0.7222222222222222,0.03110047846889952
NVDA,Random Forest,v2,,,9.325381528461943,0.3183866916473078,0.0,0.9852188743604321,1.0,0.9727177334732424,1.397286615072228,0.23140685338025324,-0.13356103774083528,0.4860927152317881,0.5892857142857143,0.23684210526315788
TTD,Logistic Regression,v2,,,1.147007234991444,0.6330738066805572,-0.5588662393783658,0.5327617881200245,0.53604568165596,0.8692129629629629,-0.01884706784166199,0.3459246784230615,-0.5563723091155918,0.4957142857142857,0.5257985257985258,0.5721925133689839
TTD,Random Forest,v2,,,7.6799206621054275,0.5225425088702543,0.0,0.9834660134721371,1.0,0.96875,-0.778111769993132,0.40594791949518105,-0.7562558849384119,0.48,0.5255102040816326,0.27540106951871657
DOCS,Logistic Regression,v2,,,0.3898649020067004,0.26423738336212016,-0.285369701786097,0.5333333333333333,0.55,0.22739018087855298,0.8296506064007269,0.1789584260698213,-0.15492371487025278,0.49853372434017595,0.5915492957746479,0.22826086956521738
DOCS,Random Forest,v2,,,7.244729215537474,0.45257407728057863,0.0,0.9635220125786164,1.0,0.9250645994832042,-0.37180361072117035,0.19992447534909166,-0.25229916226107524,0.44868035190615835,0.4642857142857143,0.14130434782608695
IBM,Logistic Regression,v2,,,0.4816754382258955,0.23048201654846,-0.39544523575928564,0.527003979533826,0.5295755045233125,0.8298800436205016,0.6716756045042483,0.0855237450933004,-0.1527537097126358,0.47152317880794703,0.5534883720930233,0.28199052132701424
IBM,Random Forest,v2,,,8.60073677320552,0.15000477928005726,0.0,0.9852188743604321,1.0,0.9716466739367503,0.9347747708036214,0.18100926256785513,-0.18694582364417703,0.4900662251655629,0.5558912386706949,0.43601895734597157
BE,Logistic Regression,v2,,,0.44409843890536316,0.48737719913971944,-0.5441889336170103,0.5210084033613446,0.48044692737430167,0.13870967741935483,0.5615259363256611,0.2902238329140974,-0.2081949228787143,0.48663101604278075,0.4909090909090909,0.09407665505226481
BE,Random Forest,v2,,,7.8763082191537155,0.6357070290048336,0.0,0.9778456837280367,1.0,0.9532258064516129,1.2749576135797178,0.6087388169964772,-0.3604925969358012,0.5044563279857398,0.5215311004784688,0.3797909407665505
XOM,Logistic Regression,v2,,,0.5046520804334481,0.1937476098535716,-0.2516621147333492,0.519613416714042,0.5224299065420561,0.6259798432250839,0.11658278046073536,0.21306636397689785,-0.2569369622733242,0.49933774834437084,0.5058139534883721,0.9015544041450777
XOM,Random Forest,v2,,,8.66790989724126,0.18656179798089342,0.0,0.984650369528141,1.0,0.9697648376259799,1.046949023683261,0.13051921073507872,-0.12720996806326162,0.5205298013245033,0.5512820512820513,0.33419689119170987
GLD,Logistic Regression,v2,,,0.5039798687626315,0.13215657063172212,-0.16458280367901848,0.5224559408754974,0.5288343558282208,0.9229122055674518,1.2166771217925765,0.10850934938063242,-0.10668481455556679,0.495364238410596,0.54627539503386,0.5734597156398105
GLD,Random Forest,v2,,,9.777010101128669,0.08261896372389631,0.0,0.9829448550312677,1.0,0.9678800856531049,1.283683429128407,0.0651306447572243,-0.07547564109321749,0.47152317880794703,0.5696969696969697,0.22274881516587677
JNJ,Logistic Regression,v2,,,0.6749470832789121,0.1743545829344473,-0.26876771252799847,0.5235929505400796,0.5244956772334294,0.8035320088300221,0.059057434009025786,0.136110902006629,-0.15215467947941297,0.48874172185430464,0.5085470085470085,0.6040609137055838
JNJ,Random Forest,v2,,,8.780130797600126,0.11459409357657273,0.0,0.9857873791927232,1.0,0.9724061810154525,0.619725208246908,0.12117163350467755,-0.13388668871670875,0.5165562913907285,0.5390835579514824,0.5076142131979695
SCCO,Logistic Regression,v2,,,0.7660279368243317,0.2999828301151006,-0.5408508257355359,0.5241614553723707,0.5266932270916335,0.7311946902654868,0.5781154786297455,0.001421451574390662,0.0,0.47019867549668876,1.0,0.0024937655860349127
SCCO,Random Forest,v2,,,9.760854108373668,0.21368474455504483,0.0,0.9863558840250142,1.0,0.9734513274336283,0.15868116377389582,0.15972218141404498,-0.3177258329079797,0.4847682119205298,0.536144578313253,0.22194513715710723
ECL,Logistic Regression,v2,,,0.3322875856538419,0.26311619171244643,-0.44265283182395426,0.526435474701535,0.5272088940901112,0.9730021598272138,1.5694283636610111,0.15155295586939976,-0.17505896040678234,0.5046357615894039,0.5456790123456791,0.537712895377129
ECL,Random Forest,v2,,,7.891561761811349,0.16846997186747767,0.0,0.9857873791927232,1.0,0.9730021598272138,1.7454424950517653,0.11062345029630265,-0.06277669456275288,0.5112582781456954,0.5905172413793104,0.3333333333333333
JPM,Logistic Regression,v2,,,0.7732957675022891,0.2379604340457675,-0.2557526305818026,0.5139283683911313,0.5132743362831859,0.5918367346938775,,0.0,0.0,0.433112582781457,0.0,0.0
JPM,Random Forest,v2,,,8.222352101711923,0.18806805506062915,0.0,0.9863558840250142,1.0,0.9727891156462585,-0.3749013608213204,0.12696522242024563,-0.272062910769224,0.4503311258278146,0.5393939393939394,0.20794392523364486
META,Logistic Regression,v2,,,0.47299962040678806,0.31890752825030744,-0.5705619038431298,0.5457646389994315,0.5497026338147833,0.7063318777292577,1.8022006663545869,0.12230962481885363,-0.11522806801843102,0.4913907284768212,0.5691056910569106,0.1745635910224439
META,Random Forest,v2,,,8.853102686276554,0.21879001413507748,0.0,0.9852188743604321,1.0,0.9716157205240175,1.42362580666403,0.19785021190650354,-0.2561944043512668,0.5139072847682119,0.5602836879432624,0.3940149625935162
