Asset,Strategy,Window,Threshold,Train Sharpe,Train Volatility,Train Max DD,Test Sharpe,Test Volatility,Test Max DD
AAPL,Momentum,14,,1.4442218548071952,0.19946115596600764,-0.3109433800479211,1.2453519982383943,0.17475400611295153,-0.16920910334525444
AAPL,Mean Reversion,18,6.0,1.071533145964369,0.13802236781922125,-0.11267121791674595,0.13736727059403858,0.11251945275142838,-0.177332597811932
AAPL,Momentum + Trend Strength,10,,1.2613074425522774,0.15107186829580438,-0.14457792782357445,1.068094818556564,0.1212137926670851,-0.11590428454765875
AAPL,Momentum + Rolling Volatility,14,2.0,1.70182870842167,0.1570496460907266,-0.11890319006662696,1.0350402616833474,0.1631238684985939,-0.17003168638787383
AAPL,Momentum + Volume Ratio,20,,1.2339388275629142,0.13537885472701264,-0.14140002842140648,0.696563058115139,0.11956717197663613,-0.17001101705641722
MSFT,Momentum,36,,0.6819899536464701,0.19196969887056645,-0.24086560874109436,0.9522870183719315,0.1753743672793792,-0.17861492014689784
MSFT,Mean Reversion,4,2.0,1.1748564452401058,0.127895639514397,-0.11143735833087955,0.3998712939769864,0.06525412816474613,-0.05751356386690872
MSFT,Momentum + Trend Strength,36,,0.7440735762076812,0.17979201976476508,-0.29437057585787174,0.933073082018941,0.15372558446378337,-0.1451852754991261
MSFT,Momentum + Rolling Volatility,38,2.0,1.0322955721183573,0.1659876940325847,-0.16284559990390743,0.602394065835427,0.16556108667783762,-0.18675509920564426
MSFT,Momentum + Volume Ratio,36,,0.43224369472739144,0.1428973970036378,-0.20974082852804043,0.27669476722049263,0.13178194445324104,-0.21051723911661027
SPY,Momentum,12,,1.0620917922678812,0.10906237242453944,-0.137084034619055,1.6132968818976192,0.09221757401514483,-0.07961436673372499
SPY,Mean Reversion,4,4.0,0.7076633155458942,0.05653251476082797,-0.0255683060073518,-0.6398295342287457,0.009105836709733165,-0.01741598427174118
SPY,Momentum + Trend Strength,10,,0.8807904368327524,0.07932294635220483,-0.11856338058862,0.797274796392305,0.07604194543217241,-0.07762934165092442
SPY,Momentum + Rolling Volatility,12,6.0,1.088492480245399,0.10883737871504681,-0.1370840346190545,1.6132968818976192,0.09221757401514483,-0.07961436673372499
SPY,Momentum + Volume Ratio,24,,0.6537935086088941,0.06786189377269043,-0.09823948726823571,1.291319999721698,0.06426658220451806,-0.05033617661022394
NVDA,Momentum,12,,1.188314680854883,0.3385758000420649,-0.3966201876258287,1.4726538089347552,0.37193579204835137,-0.40566939510025707
NVDA,Mean Reversion,6,8.0,0.9627497953491347,0.12083194439221559,-0.11999016200223425,1.2773975879289312,0.10502283334111763,-0.01657408797690316
NVDA,Momentum + Trend Strength,40,,0.9906142739547622,0.34786973207803096,-0.4478617036209357,1.435009463492989,0.3556758029641207,-0.28180510352352645
NVDA,Momentum + Rolling Volatility,20,4.0,1.3111173301420285,0.32852229226537233,-0.3034010496066589,1.1704205976541138,0.3654139209429558,-0.4018915004408874
NVDA,Momentum + Volume Ratio,48,,1.0101631399317157,0.28466681051609205,-0.3375379722166728,1.778369850115931,0.29681523856703745,-0.14159971725626247
TTD,Momentum,2,,0.9426585056845151,0.5313169915481444,-0.5194491355477443,0.4480129236106079,0.4239908586788044,-0.5806432581840302
TTD,Mean Reversion,24,8.0,0.9583891541660194,0.34647523848524664,-0.42915316784328206,-0.07560085836381895,0.22536626477142238,-0.345825178827908
TTD,Momentum + Trend Strength,22,,0.529245950599061,0.44639425450514586,-0.5433558765031842,-0.5006548946208262,0.3379381056003932,-0.6173643163240309
TTD,Momentum + Rolling Volatility,22,4.0,1.0023223285683298,0.4711410219580152,-0.38459869215277964,-0.2511605161036247,0.4198488691274157,-0.5860599632745334
TTD,Momentum + Volume Ratio,32,,0.6844305630320291,0.4200584771257782,-0.3457327895106286,-0.1449555975716123,0.33938242502953714,-0.43019160939683415
DOCS,Momentum,20,,0.27766581192432177,0.4904245742832512,-0.43926375186599936,0.46665776215994587,0.5362904392481641,-0.3657654483367203
DOCS,Mean Reversion,14,6.0,1.015504612952908,0.4130073806839375,-0.36145390892211227,0.061354304564012765,0.19125181151887952,-0.14496228796951713
DOCS,Momentum + Trend Strength,14,,-0.1140161125053857,0.24055845181180566,-0.30769325727163654,0.6374116101040603,0.4151568875526972,-0.216326530612245
DOCS,Momentum + Rolling Volatility,6,4.0,0.4693008692996431,0.2817920024675512,-0.1997358959248723,1.0244068800359243,0.49920966314875637,-0.2267209716634881
DOCS,Momentum + Volume Ratio,6,,0.1842896282448272,0.3556998552347733,-0.3958168291170897,0.8258702034793631,0.48258882335202385,-0.28092496969696246
IBM,Momentum,12,,0.5661500474717681,0.17198251640918333,-0.25605017418945286,1.7789635812755802,0.17930303760172583,-0.13759115365273497
IBM,Mean Reversion,6,8.0,0.716402180690893,0.043010596929914914,-0.003506612503468894,,0.0,0.0
IBM,Momentum + Trend Strength,2,,0.09075093874391882,0.12235852928365147,-0.25309929028457456,0.9515629880529769,0.13175299350117287,-0.17805096241134286
IBM,Momentum + Rolling Volatility,12,8.0,0.5661500474717681,0.17198251640918333,-0.25605017418945286,1.7789635812755802,0.17930303760172583,-0.13759115365273497
IBM,Momentum + Volume Ratio,12,,-0.12008548836079173,0.12391138762611592,-0.3163682038467248,1.103757454068093,0.1368101779124544,-0.10923119497876518
BE,Momentum,8,,0.9829797941320416,0.6209012463816341,-0.4798135792897951,1.209882428412978,0.7647548093538974,-0.504232334743819
BE,Mean Reversion,2,14.000000000000002,0.5448079666771414,0.18908519387584902,0.0,-0.6708203932499369,0.06038568614903258,-0.09009814678366324
BE,Momentum + Trend Strength,24,,0.46101576701728664,0.5448874788820173,-0.51471531465629,1.4429807709000315,0.7144013505780483,-0.36269978278606896
BE,Momentum + Rolling Volatility,8,16.0,1.0773077943670897,0.5995852868314497,-0.39335594535023016,1.209882428412978,0.7647548093538974,-0.504232334743819
BE,Momentum + Volume Ratio,8,,0.70936909837208,0.37546139724595,-0.5819913158255817,0.3202615528282707,0.4220883832509896,-0.517461729009884
XOM,Momentum,22,,0.7596586784675822,0.2097731251515443,-0.269249116011025,-0.4553188209529427,0.16370544745264012,-0.3031086954658174
XOM,Mean Reversion,4,6.0,0.8530919963882285,0.044411525282640744,-0.017184983689324418,-0.7986084492807559,0.014427742686358427,-0.03421494440105799
XOM,Momentum + Trend Strength,18,,0.5518398330044597,0.176409209733966,-0.1948352381491515,-0.008977622186179274,0.1378621065272237,-0.2726020046396291
XOM,Momentum + Rolling Volatility,22,4.0,0.8161513948363356,0.19481623981252533,-0.29987407275610495,-0.4553188209529427,0.16370544745264012,-0.3031086954658174
XOM,Momentum + Volume Ratio,16,,0.5065268201348961,0.13783779080306974,-0.2721425557140428,-1.1569311939197526,0.10523684225919851,-0.3501797150342502
GLD,Momentum,4,,0.6441014920078937,0.09974762968205646,-0.20636559286897344,1.4721771007771154,0.1328894256815589,-0.11064646115660566
GLD,Mean Reversion,42,6.0,0.5765341857804726,0.022770429630217328,-0.019486923914670662,,0.0,0.0
GLD,Momentum + Trend Strength,16,,0.3936558774233346,0.08473550366317115,-0.12709908556091318,0.5974556288815346,0.1272069751624831,-0.12636837088725442
GLD,Momentum + Rolling Volatility,48,4.0,0.6318236389300491,0.10702702671982266,-0.16632564833187116,1.5876719666372852,0.14991778658940988,-0.10127740838500286
GLD,Momentum + Volume Ratio,48,,0.49446239738657416,0.07101680167620082,-0.1374848666278378,1.110553474101234,0.10833554610720988,-0.07704076992414269
JNJ,Momentum,42,,0.48205916086391537,0.12066064989921094,-0.17730887253369018,0.725421323642779,0.13287206903105978,-0.13327643329347016
JNJ,Mean Reversion,44,12.0,0.6722149415726935,0.06778208995270751,-0.07298367131868526,,0.0,0.0
JNJ,Momentum + Trend Strength,20,,0.42228004766029553,0.10160980880069638,-0.16508808159622837,0.8257876984663765,0.09416814739290467,-0.07199469039185281
JNJ,Momentum + Rolling Volatility,42,2.0,0.48657426599836856,0.11956690192840783,-0.17648438037350234,0.91082613822109,0.13023062322671103,-0.08616577055765219
JNJ,Momentum + Volume Ratio,34,,-0.05134317216405331,0.08168631549912315,-0.17527183807904903,0.032625180378381385,0.09661259804458568,-0.22532917760639512
SCCO,Momentum,36,,0.9016728837455997,0.23992076937921017,-0.4346091592032682,0.6039826764638466,0.2766679219175602,-0.23997312672083748
SCCO,Mean Reversion,4,6.0,0.8390364626701665,0.07895744856945218,-0.005603997975008546,-0.4106114714585678,0.028439898099510693,-0.047481145289966574
SCCO,Momentum + Trend Strength,24,,1.034499267636062,0.21895888701723942,-0.3095834578710529,0.512393804965101,0.24711748210386794,-0.3333779734602147
SCCO,Momentum + Rolling Volatility,36,6.0,0.9016728837455997,0.23992076937921017,-0.4346091592032682,0.6039826764638466,0.2766679219175602,-0.23997312672083748
SCCO,Momentum + Volume Ratio,42,,0.6728559187099454,0.16418292036156817,-0.2598314443268221,-0.3393538867212756,0.18062312196358982,-0.3424186283550612
ECL,Momentum,18,,0.18192361413136168,0.16206095297335887,-0.42146864047289057,0.4635826758322378,0.14593173539662135,-0.17902448806793228
ECL,Mean Reversion,20,8.0,0.5389903445491092,0.1299012226925263,-0.2612388767624635,0.33146524912295816,0.03266528192095495,-0.02031870239728517
ECL,Momentum + Trend Strength,18,,0.18128202200868418,0.11829786071022008,-0.33787445202650196,0.28457359970972024,0.13311605053190909,-0.1748137970640488
ECL,Momentum + Rolling Volatility,8,2.0,0.3534109215713121,0.13498092322287028,-0.2792742514768479,0.7328083947176491,0.1322923715642255,-0.09942957830357112
ECL,Momentum + Volume Ratio,18,,0.2933740322347472,0.10845993505576247,-0.29573218968665776,0.2838925092875196,0.10193325211374125,-0.1878238403059862
JPM,Momentum,48,,0.8387803731566981,0.1784028326873163,-0.21492235183171338,0.977318718194711,0.1795142595768951,-0.1704948003567702
JPM,Mean Reversion,20,22.0,0.723841352799803,0.09001718259252939,0.0,,0.0,0.0
JPM,Momentum + Trend Strength,6,,0.830801018973908,0.1419911277360799,-0.24040298949997566,1.325669802706144,0.12275426114155723,-0.13544972653163137
JPM,Momentum + Rolling Volatility,6,4.0,0.980041761998012,0.17141026874612034,-0.19963795743244667,2.0551580314257234,0.14494728591059683,-0.08799583238999685
JPM,Momentum + Volume Ratio,10,,0.6862455961197816,0.1154153488748043,-0.14292702932327206,0.7148614566169179,0.09432403357328635,-0.1263758616426783
META,Momentum,48,,0.49010505214623395,0.22483481680431072,-0.26866044048635,1.021790943230071,0.3001244152298358,-0.2628414884144861
META,Mean Reversion,14,2.0,0.832726202686248,0.23262009593026295,-0.2725689611513237,0.3346160848658399,0.2003405431285658,-0.2171067386706206
META,Momentum + Trend Strength,2,,0.5112477107690725,0.1713883971636002,-0.20857736385902872,0.9260109812237244,0.2406844189299032,-0.32652871609349127
META,Momentum + Rolling Volatility,48,4.0,0.561760070936454,0.2194963987384212,-0.2450757567618941,0.976265419867861,0.2962479074064245,-0.2628414884144864
META,Momentum + Volume Ratio,36,,0.044751859177967285,0.15255181530408093,-0.30357786114834767,0.7358042742316147,0.20211434715938195,-0.19572694109365787
